"graph","class","property"
"BALTO","http://schema.org/DataCatalog","http://schema.org/dataset"
"BALTO","http://schema.org/DataCatalog","http://schema.org/isAccessibleForFree"
"BALTO","http://schema.org/DataCatalog","http://schema.org/name"
"BALTO","http://schema.org/DataCatalog","http://schema.org/publisher"
"BALTO","http://schema.org/DataCatalog","http://schema.org/url"
"BALTO","http://schema.org/Dataset","http://schema.org/name"
"BALTO","http://schema.org/Dataset","http://schema.org/sameAs"
"BALTO","http://schema.org/Organization","http://schema.org/address"
"BALTO","http://schema.org/Organization","http://schema.org/email"
"BALTO","http://schema.org/Organization","http://schema.org/name"
"BALTO","http://schema.org/Organization","http://schema.org/telephone"
"BALTO","http://schema.org/PostalAddress","http://schema.org/addressCountry"
"BALTO","http://schema.org/PostalAddress","http://schema.org/addressLocality"
"BALTO","http://schema.org/PostalAddress","http://schema.org/addressRegion"
"BALTO","http://schema.org/PostalAddress","http://schema.org/postalCode"
"BALTO","http://schema.orgDataCatalog","http://schema.orgname"
"BALTO","http://schema.orgDataCatalog","http://schema.orgsameAs"
"BALTO","http://schema.orgDataset","http://schema.orgincludedInDataCatalog"
"BALTO","http://schema.orgDataset","http://schema.orgname"
"BALTO","http://schema.orgDataset","http://schema.orgurl"
"BALTO","http://schema.orgDataset","http://schema.orgvariableMeasured"
"BALTO","http://schema.orgPropertyValue","http://schema.orgname"
"BALTO","http://schema.orgPropertyValue","http://schema.orgvalue"
"BALTO","http://schema.orgPropertyValue","http://schema.orgvalueReference"
"BCO-DMO","http://schema.org/Action","http://schema.org/additionalType"
"BCO-DMO","http://schema.org/Action","http://schema.org/description"
"BCO-DMO","http://schema.org/Action","http://schema.org/name"
"BCO-DMO","http://schema.org/Action","http://schema.org/subjectOf"
"BCO-DMO","http://schema.org/Audience","http://schema.org/audienceType"
"BCO-DMO","http://schema.org/Audience","http://schema.org/name"
"BCO-DMO","http://schema.org/ConsumeAction","http://schema.org/object"
"BCO-DMO","http://schema.org/ConsumeAction","http://schema.org/target"
"BCO-DMO","http://schema.org/ContactPoint","http://schema.org/contactType"
"BCO-DMO","http://schema.org/ContactPoint","http://schema.org/email"
"BCO-DMO","http://schema.org/ContactPoint","http://schema.org/name"
"BCO-DMO","http://schema.org/ContactPoint","http://schema.org/url"
"BCO-DMO","http://schema.org/CreateAction","http://schema.org/target"
"BCO-DMO","http://schema.org/CreativeWork","http://schema.org/additionalType"
"BCO-DMO","http://schema.org/CreativeWork","http://schema.org/alternateName"
"BCO-DMO","http://schema.org/CreativeWork","http://schema.org/description"
"BCO-DMO","http://schema.org/CreativeWork","http://schema.org/fileFormat"
"BCO-DMO","http://schema.org/CreativeWork","http://schema.org/identifier"
"BCO-DMO","http://schema.org/CreativeWork","http://schema.org/isBasedOn"
"BCO-DMO","http://schema.org/CreativeWork","http://schema.org/name"
"BCO-DMO","http://schema.org/CreativeWork","http://schema.org/text"
"BCO-DMO","http://schema.org/CreativeWork","http://schema.org/url"
"BCO-DMO","http://schema.org/DataCatalog","http://schema.org/audience"
"BCO-DMO","http://schema.org/DataCatalog","http://schema.org/name"
"BCO-DMO","http://schema.org/DataCatalog","http://schema.org/publishingPrinciples"
"BCO-DMO","http://schema.org/DataDownload","http://schema.org/contentUrl"
"BCO-DMO","http://schema.org/DataDownload","http://schema.org/datePublished"
"BCO-DMO","http://schema.org/DataDownload","http://schema.org/encodingFormat"
"BCO-DMO","http://schema.org/DataDownload","http://schema.org/inLanguage"
"BCO-DMO","http://schema.org/Dataset","http://schema.org/additionalType"
"BCO-DMO","http://schema.org/Dataset","http://schema.org/alternateName"
"BCO-DMO","http://schema.org/Dataset","http://schema.org/citation"
"BCO-DMO","http://schema.org/Dataset","http://schema.org/creator"
"BCO-DMO","http://schema.org/Dataset","http://schema.org/datePublished"
"BCO-DMO","http://schema.org/Dataset","http://schema.org/description"
"BCO-DMO","http://schema.org/Dataset","http://schema.org/distribution"
"BCO-DMO","http://schema.org/Dataset","http://schema.org/funder"
"BCO-DMO","http://schema.org/Dataset","http://schema.org/identifier"
"BCO-DMO","http://schema.org/Dataset","http://schema.org/includedInDataCatalog"
"BCO-DMO","http://schema.org/Dataset","http://schema.org/isPartOf"
"BCO-DMO","http://schema.org/Dataset","http://schema.org/keywords"
"BCO-DMO","http://schema.org/Dataset","http://schema.org/license"
"BCO-DMO","http://schema.org/Dataset","http://schema.org/measurementTechnique"
"BCO-DMO","http://schema.org/Dataset","http://schema.org/name"
"BCO-DMO","http://schema.org/Dataset","http://schema.org/provider"
"BCO-DMO","http://schema.org/Dataset","http://schema.org/publisher"
"BCO-DMO","http://schema.org/Dataset","http://schema.org/publishingPrinciples"
"BCO-DMO","http://schema.org/Dataset","http://schema.org/recordedAt"
"BCO-DMO","http://schema.org/Dataset","http://schema.org/spatialCoverage"
"BCO-DMO","http://schema.org/Dataset","http://schema.org/temporalCoverage"
"BCO-DMO","http://schema.org/Dataset","http://schema.org/url"
"BCO-DMO","http://schema.org/Dataset","http://schema.org/variableMeasured"
"BCO-DMO","http://schema.org/Dataset","http://schema.org/version"
"BCO-DMO","http://schema.org/DigitalDocument","http://schema.org/additionalType"
"BCO-DMO","http://schema.org/DigitalDocument","http://schema.org/fileFormat"
"BCO-DMO","http://schema.org/DigitalDocument","http://schema.org/name"
"BCO-DMO","http://schema.org/DigitalDocument","http://schema.org/url"
"BCO-DMO","http://schema.org/EntryPoint","http://schema.org/additionalType"
"BCO-DMO","http://schema.org/EntryPoint","http://schema.org/contentType"
"BCO-DMO","http://schema.org/EntryPoint","http://schema.org/description"
"BCO-DMO","http://schema.org/EntryPoint","http://schema.org/httpMethod"
"BCO-DMO","http://schema.org/EntryPoint","http://schema.org/url"
"BCO-DMO","http://schema.org/EntryPoint","http://schema.org/urlTemplate"
"BCO-DMO","http://schema.org/Event","http://schema.org/additionalType"
"BCO-DMO","http://schema.org/Event","http://schema.org/description"
"BCO-DMO","http://schema.org/Event","http://schema.org/endDate"
"BCO-DMO","http://schema.org/Event","http://schema.org/identifier"
"BCO-DMO","http://schema.org/Event","http://schema.org/location"
"BCO-DMO","http://schema.org/Event","http://schema.org/name"
"BCO-DMO","http://schema.org/Event","http://schema.org/recordedIn"
"BCO-DMO","http://schema.org/Event","http://schema.org/startDate"
"BCO-DMO","http://schema.org/Event","http://schema.org/url"
"BCO-DMO","http://schema.org/GeoShape","http://schema.org/box"
"BCO-DMO","http://schema.org/GeoShape","http://schema.org/polygon"
"BCO-DMO","http://schema.org/ImageObject","http://schema.org/url"
"BCO-DMO","http://schema.org/Offer","http://schema.org/additionalType"
"BCO-DMO","http://schema.org/Offer","http://schema.org/name"
"BCO-DMO","http://schema.org/Offer","http://schema.org/offeredBy"
"BCO-DMO","http://schema.org/Offer","http://schema.org/sameAs"
"BCO-DMO","http://schema.org/Offer","http://schema.org/url"
"BCO-DMO","http://schema.org/OfferCatalog","http://schema.org/additionalType"
"BCO-DMO","http://schema.org/OfferCatalog","http://schema.org/itemListElement"
"BCO-DMO","http://schema.org/OfferCatalog","http://schema.org/name"
"BCO-DMO","http://schema.org/Organization","http://schema.org/additionalType"
"BCO-DMO","http://schema.org/Organization","http://schema.org/address"
"BCO-DMO","http://schema.org/Organization","http://schema.org/alternateName"
"BCO-DMO","http://schema.org/Organization","http://schema.org/availableChannel"
"BCO-DMO","http://schema.org/Organization","http://schema.org/category"
"BCO-DMO","http://schema.org/Organization","http://schema.org/contactPoint"
"BCO-DMO","http://schema.org/Organization","http://schema.org/description"
"BCO-DMO","http://schema.org/Organization","http://schema.org/foundingDate"
"BCO-DMO","http://schema.org/Organization","http://schema.org/funder"
"BCO-DMO","http://schema.org/Organization","http://schema.org/hasOfferCatalog"
"BCO-DMO","http://schema.org/Organization","http://schema.org/identifier"
"BCO-DMO","http://schema.org/Organization","http://schema.org/legalName"
"BCO-DMO","http://schema.org/Organization","http://schema.org/logo"
"BCO-DMO","http://schema.org/Organization","http://schema.org/mainContentOfPage"
"BCO-DMO","http://schema.org/Organization","http://schema.org/makesOffer"
"BCO-DMO","http://schema.org/Organization","http://schema.org/name"
"BCO-DMO","http://schema.org/Organization","http://schema.org/parentOrganization"
"BCO-DMO","http://schema.org/Organization","http://schema.org/potentialAction"
"BCO-DMO","http://schema.org/Organization","http://schema.org/provider"
"BCO-DMO","http://schema.org/Organization","http://schema.org/publishingPrinciples"
"BCO-DMO","http://schema.org/Organization","http://schema.org/sameAs"
"BCO-DMO","http://schema.org/Organization","http://schema.org/url"
"BCO-DMO","http://schema.org/Person","http://schema.org/additionalType"
"BCO-DMO","http://schema.org/Person","http://schema.org/name"
"BCO-DMO","http://schema.org/Person","http://schema.org/url"
"BCO-DMO","http://schema.org/Place","http://schema.org/additionalProperty"
"BCO-DMO","http://schema.org/Place","http://schema.org/address"
"BCO-DMO","http://schema.org/Place","http://schema.org/geo"
"BCO-DMO","http://schema.org/Place","http://schema.org/name"
"BCO-DMO","http://schema.org/Place","http://schema.org/subjectOf"
"BCO-DMO","http://schema.org/PostalAddress","http://schema.org/addressCountry"
"BCO-DMO","http://schema.org/PostalAddress","http://schema.org/addressLocality"
"BCO-DMO","http://schema.org/PostalAddress","http://schema.org/addressRegion"
"BCO-DMO","http://schema.org/PostalAddress","http://schema.org/postalCode"
"BCO-DMO","http://schema.org/PostalAddress","http://schema.org/streetAddress"
"BCO-DMO","http://schema.org/PropertyValue","http://schema.org/additionalType"
"BCO-DMO","http://schema.org/PropertyValue","http://schema.org/alternateName"
"BCO-DMO","http://schema.org/PropertyValue","http://schema.org/description"
"BCO-DMO","http://schema.org/PropertyValue","http://schema.org/name"
"BCO-DMO","http://schema.org/PropertyValue","http://schema.org/propertyID"
"BCO-DMO","http://schema.org/PropertyValue","http://schema.org/unitText"
"BCO-DMO","http://schema.org/PropertyValue","http://schema.org/url"
"BCO-DMO","http://schema.org/PropertyValue","http://schema.org/value"
"BCO-DMO","http://schema.org/PropertyValueSpecification","http://schema.org/valueName"
"BCO-DMO","http://schema.org/PropertyValueSpecification","http://schema.org/valueRequired"
"BCO-DMO","http://schema.org/Role","http://schema.org/additionalType"
"BCO-DMO","http://schema.org/Role","http://schema.org/creator"
"BCO-DMO","http://schema.org/Role","http://schema.org/roleName"
"BCO-DMO","http://schema.org/SearchAction","http://schema.org/query-input"
"BCO-DMO","http://schema.org/SearchAction","http://schema.org/target"
"BCO-DMO","http://schema.org/Service","http://schema.org/additionalType"
"BCO-DMO","http://schema.org/Service","http://schema.org/address"
"BCO-DMO","http://schema.org/Service","http://schema.org/availableChannel"
"BCO-DMO","http://schema.org/Service","http://schema.org/category"
"BCO-DMO","http://schema.org/Service","http://schema.org/contactPoint"
"BCO-DMO","http://schema.org/Service","http://schema.org/description"
"BCO-DMO","http://schema.org/Service","http://schema.org/foundingDate"
"BCO-DMO","http://schema.org/Service","http://schema.org/funder"
"BCO-DMO","http://schema.org/Service","http://schema.org/hasOfferCatalog"
"BCO-DMO","http://schema.org/Service","http://schema.org/identifier"
"BCO-DMO","http://schema.org/Service","http://schema.org/legalName"
"BCO-DMO","http://schema.org/Service","http://schema.org/logo"
"BCO-DMO","http://schema.org/Service","http://schema.org/mainContentOfPage"
"BCO-DMO","http://schema.org/Service","http://schema.org/name"
"BCO-DMO","http://schema.org/Service","http://schema.org/parentOrganization"
"BCO-DMO","http://schema.org/Service","http://schema.org/potentialAction"
"BCO-DMO","http://schema.org/Service","http://schema.org/provider"
"BCO-DMO","http://schema.org/Service","http://schema.org/publishingPrinciples"
"BCO-DMO","http://schema.org/Service","http://schema.org/sameAs"
"BCO-DMO","http://schema.org/Service","http://schema.org/url"
"BCO-DMO","http://schema.org/ServiceChannel","http://schema.org/availableLanguage"
"BCO-DMO","http://schema.org/ServiceChannel","http://schema.org/providesService"
"BCO-DMO","http://schema.org/ServiceChannel","http://schema.org/serviceUrl"
"BCO-DMO","http://schema.org/SiteNavigationElement","http://schema.org/description"
"BCO-DMO","http://schema.org/SiteNavigationElement","http://schema.org/name"
"BCO-DMO","http://schema.org/SiteNavigationElement","http://schema.org/position"
"BCO-DMO","http://schema.org/SiteNavigationElement","http://schema.org/url"
"BCO-DMO","http://schema.org/Thing","http://schema.org/name"
"BCO-DMO","http://schema.org/Vehicle","http://schema.org/additionalType"
"BCO-DMO","http://schema.org/Vehicle","http://schema.org/name"
"BCO-DMO","http://schema.org/Vehicle","http://schema.org/url"
"BCO-DMO","http://schema.org/WebPage","http://schema.org/additionalType"
"BCO-DMO","http://schema.org/WebPage","http://schema.org/address"
"BCO-DMO","http://schema.org/WebPage","http://schema.org/availableChannel"
"BCO-DMO","http://schema.org/WebPage","http://schema.org/category"
"BCO-DMO","http://schema.org/WebPage","http://schema.org/contactPoint"
"BCO-DMO","http://schema.org/WebPage","http://schema.org/description"
"BCO-DMO","http://schema.org/WebPage","http://schema.org/foundingDate"
"BCO-DMO","http://schema.org/WebPage","http://schema.org/funder"
"BCO-DMO","http://schema.org/WebPage","http://schema.org/hasOfferCatalog"
"BCO-DMO","http://schema.org/WebPage","http://schema.org/identifier"
"BCO-DMO","http://schema.org/WebPage","http://schema.org/legalName"
"BCO-DMO","http://schema.org/WebPage","http://schema.org/logo"
"BCO-DMO","http://schema.org/WebPage","http://schema.org/mainContentOfPage"
"BCO-DMO","http://schema.org/WebPage","http://schema.org/name"
"BCO-DMO","http://schema.org/WebPage","http://schema.org/parentOrganization"
"BCO-DMO","http://schema.org/WebPage","http://schema.org/potentialAction"
"BCO-DMO","http://schema.org/WebPage","http://schema.org/provider"
"BCO-DMO","http://schema.org/WebPage","http://schema.org/publishingPrinciples"
"BCO-DMO","http://schema.org/WebPage","http://schema.org/sameAs"
"BCO-DMO","http://schema.org/WebPage","http://schema.org/url"
"BCO-DMO","http://schema.org/WebSite","http://schema.org/additionalType"
"BCO-DMO","http://schema.org/WebSite","http://schema.org/address"
"BCO-DMO","http://schema.org/WebSite","http://schema.org/availableChannel"
"BCO-DMO","http://schema.org/WebSite","http://schema.org/category"
"BCO-DMO","http://schema.org/WebSite","http://schema.org/contactPoint"
"BCO-DMO","http://schema.org/WebSite","http://schema.org/description"
"BCO-DMO","http://schema.org/WebSite","http://schema.org/foundingDate"
"BCO-DMO","http://schema.org/WebSite","http://schema.org/funder"
"BCO-DMO","http://schema.org/WebSite","http://schema.org/hasOfferCatalog"
"BCO-DMO","http://schema.org/WebSite","http://schema.org/identifier"
"BCO-DMO","http://schema.org/WebSite","http://schema.org/legalName"
"BCO-DMO","http://schema.org/WebSite","http://schema.org/logo"
"BCO-DMO","http://schema.org/WebSite","http://schema.org/mainContentOfPage"
"BCO-DMO","http://schema.org/WebSite","http://schema.org/name"
"BCO-DMO","http://schema.org/WebSite","http://schema.org/parentOrganization"
"BCO-DMO","http://schema.org/WebSite","http://schema.org/potentialAction"
"BCO-DMO","http://schema.org/WebSite","http://schema.org/provider"
"BCO-DMO","http://schema.org/WebSite","http://schema.org/publishingPrinciples"
"BCO-DMO","http://schema.org/WebSite","http://schema.org/sameAs"
"BCO-DMO","http://schema.org/WebSite","http://schema.org/url"
"MagIC","http://schema.orgDataset","http://schema.orgcitation"
"MagIC","http://schema.orgDataset","http://schema.orgcontributor"
"MagIC","http://schema.orgDataset","http://schema.orgdateModified"
"MagIC","http://schema.orgDataset","http://schema.orgdatePublished"
"MagIC","http://schema.orgDataset","http://schema.orgkeywords"
"MagIC","http://schema.orgDataset","http://schema.orglicense"
"MagIC","http://schema.orgDataset","http://schema.orgname"
"MagIC","http://schema.orgDataset","http://schema.orgspatialCoverage"
"MagIC","http://schema.orgDataset","http://schema.orgurl"
"MagIC","http://schema.orgDataset","http://schema.orgversion"
"MagIC","http://schema.orgGeoCoordinates","http://schema.orglatitude"
"MagIC","http://schema.orgGeoCoordinates","http://schema.orglongitude"
"MagIC","http://schema.orgGeoShape","http://schema.orgbox"
"MagIC","http://schema.orgPlace","http://schema.orggeo"
"IEDA","http://schema.org/ContactPoint","http://schema.org/contactType"
"IEDA","http://schema.org/ContactPoint","http://schema.org/email"
"IEDA","http://schema.org/ContactPoint","http://schema.org/name"
"IEDA","http://schema.org/ContactPoint","http://schema.org/url"
"IEDA","http://schema.org/CreativeWork","http://schema.org/additionalType"
"IEDA","http://schema.org/CreativeWork","http://schema.org/funder"
"IEDA","http://schema.org/CreativeWork","http://schema.org/identifier"
"IEDA","http://schema.org/CreativeWork","http://schema.org/name"
"IEDA","http://schema.org/DataDownload","http://schema.org/additionalType"
"IEDA","http://schema.org/DataDownload","http://schema.org/encodingFormat"
"IEDA","http://schema.org/DataDownload","http://schema.org/name"
"IEDA","http://schema.org/DataDownload","http://schema.org/url"
"IEDA","http://schema.org/Dataset","http://schema.org/additionalType"
"IEDA","http://schema.org/Dataset","http://schema.org/citation"
"IEDA","http://schema.org/Dataset","http://schema.org/creator"
"IEDA","http://schema.org/Dataset","http://schema.org/dateCreated"
"IEDA","http://schema.org/Dataset","http://schema.org/datePublished"
"IEDA","http://schema.org/Dataset","http://schema.org/description"
"IEDA","http://schema.org/Dataset","http://schema.org/distribution"
"IEDA","http://schema.org/Dataset","http://schema.org/hasPart"
"IEDA","http://schema.org/Dataset","http://schema.org/identifier"
"IEDA","http://schema.org/Dataset","http://schema.org/inLanguage"
"IEDA","http://schema.org/Dataset","http://schema.org/isPartOf"
"IEDA","http://schema.org/Dataset","http://schema.org/keywords"
"IEDA","http://schema.org/Dataset","http://schema.org/license"
"IEDA","http://schema.org/Dataset","http://schema.org/name"
"IEDA","http://schema.org/Dataset","http://schema.org/provider"
"IEDA","http://schema.org/Dataset","http://schema.org/publisher"
"IEDA","http://schema.org/Dataset","http://schema.org/spatialCoverage"
"IEDA","http://schema.org/Dataset","http://schema.org/version"
"IEDA","http://schema.org/DigitalDocument","http://schema.org/additionalType"
"IEDA","http://schema.org/DigitalDocument","http://schema.org/description"
"IEDA","http://schema.org/DigitalDocument","http://schema.org/name"
"IEDA","http://schema.org/DigitalDocument","http://schema.org/url"
"IEDA","http://schema.org/GeoCoordinates","http://schema.org/latitude"
"IEDA","http://schema.org/GeoCoordinates","http://schema.org/longitude"
"IEDA","http://schema.org/GeoShape","http://schema.org/box"
"IEDA","http://schema.org/ImageObject","http://schema.org/url"
"IEDA","http://schema.org/Organization","http://schema.org/address"
"IEDA","http://schema.org/Organization","http://schema.org/alternateName"
"IEDA","http://schema.org/Organization","http://schema.org/contactPoint"
"IEDA","http://schema.org/Organization","http://schema.org/description"
"IEDA","http://schema.org/Organization","http://schema.org/funder"
"IEDA","http://schema.org/Organization","http://schema.org/legalName"
"IEDA","http://schema.org/Organization","http://schema.org/logo"
"IEDA","http://schema.org/Organization","http://schema.org/name"
"IEDA","http://schema.org/Organization","http://schema.org/parentOrganization"
"IEDA","http://schema.org/Organization","http://schema.org/publishingPrinciples"
"IEDA","http://schema.org/Organization","http://schema.org/url"
"IEDA","http://schema.org/Person","http://schema.org/additionalType"
"IEDA","http://schema.org/Person","http://schema.org/familyName"
"IEDA","http://schema.org/Person","http://schema.org/givenName"
"IEDA","http://schema.org/Person","http://schema.org/name"
"IEDA","http://schema.org/Place","http://schema.org/geo"
"IEDA","http://schema.org/Place","http://schema.org/name"
"IEDA","http://schema.org/PostalAddress","http://schema.org/addressCountry"
"IEDA","http://schema.org/PostalAddress","http://schema.org/addressLocality"
"IEDA","http://schema.org/PostalAddress","http://schema.org/addressRegion"
"IEDA","http://schema.org/PostalAddress","http://schema.org/postalCode"
"IEDA","http://schema.org/PostalAddress","http://schema.org/streetAddress"
"IEDA","http://schema.org/PropertyValue","http://schema.org/additionalType"
"IEDA","http://schema.org/PropertyValue","http://schema.org/propertyID"
"IEDA","http://schema.org/PropertyValue","http://schema.org/url"
"IEDA","http://schema.org/PropertyValue","http://schema.org/value"
"IRIS","http://schema.org/DataCatalog","http://schema.org/dataset"
"IRIS","http://schema.org/DataCatalog","http://schema.org/description"
"IRIS","http://schema.org/DataCatalog","http://schema.org/name"
"IRIS","http://schema.org/DataCatalog","http://schema.org/url"
"IRIS","http://schema.org/Dataset","http://schema.org/author"
"IRIS","http://schema.org/Dataset","http://schema.org/dateCreated"
"IRIS","http://schema.org/Dataset","http://schema.org/dateModified"
"IRIS","http://schema.org/Dataset","http://schema.org/description"
"IRIS","http://schema.org/Dataset","http://schema.org/image"
"IRIS","http://schema.org/Dataset","http://schema.org/includedInDataCatalog"
"IRIS","http://schema.org/Dataset","http://schema.org/keywords"
"IRIS","http://schema.org/Dataset","http://schema.org/name"
"IRIS","http://schema.org/Dataset","http://schema.org/url"
"IRIS","http://schema.org/Organization","http://schema.org/name"
"IRIS","http://schema.org/Person","http://schema.org/affiliation"
"IRIS","http://schema.org/Person","http://schema.org/name"
"Neotoma","http://schema.org/DataCatalog","http://schema.org/about"
"Neotoma","http://schema.org/DataCatalog","http://schema.org/funder"
"Neotoma","http://schema.org/DataCatalog","http://schema.org/publisher"
"Neotoma","http://schema.org/DataDownload","http://schema.org/contentUrl"
"Neotoma","http://schema.org/DataDownload","http://schema.org/datePublished"
"Neotoma","http://schema.org/DataDownload","http://schema.org/inLanguage"
"Neotoma","http://schema.org/Dataset","http://schema.org/about"
"Neotoma","http://schema.org/Dataset","http://schema.org/author"
"Neotoma","http://schema.org/Dataset","http://schema.org/distribution"
"Neotoma","http://schema.org/Dataset","http://schema.org/includedInDataCatalog"
"Neotoma","http://schema.org/Dataset","http://schema.org/license"
"Neotoma","http://schema.org/Dataset","http://schema.org/spatialCoverage"
"Neotoma","http://schema.org/GeoCoordinates","http://schema.org/elevation"
"Neotoma","http://schema.org/GeoCoordinates","http://schema.org/latitude"
"Neotoma","http://schema.org/GeoCoordinates","http://schema.org/longitude"
"Neotoma","http://schema.org/Organization","http://schema.org/alternateName"
"Neotoma","http://schema.org/Organization","http://schema.org/description"
"Neotoma","http://schema.org/Organization","http://schema.org/name"
"Neotoma","http://schema.org/Organization","http://schema.org/url"
"Neotoma","http://schema.org/Person","http://schema.org/name"
"Neotoma","http://schema.org/Place","http://schema.org/geo"
"Neotoma","http://schema.org/Place","http://schema.org/name"
"Open Core Data","http://schema.org/ContactPoint","http://schema.org/contactType"
"Open Core Data","http://schema.org/ContactPoint","http://schema.org/email"
"Open Core Data","http://schema.org/ContactPoint","http://schema.org/name"
"Open Core Data","http://schema.org/ContactPoint","http://schema.org/url"
"Open Core Data","http://schema.org/DataDownload","http://schema.org/contentUrl"
"Open Core Data","http://schema.org/Dataset","http://schema.org/description"
"Open Core Data","http://schema.org/Dataset","http://schema.org/distribution"
"Open Core Data","http://schema.org/Dataset","http://schema.org/keywords"
"Open Core Data","http://schema.org/Dataset","http://schema.org/license"
"Open Core Data","http://schema.org/Dataset","http://schema.org/name"
"Open Core Data","http://schema.org/Dataset","http://schema.org/publisher"
"Open Core Data","http://schema.org/Dataset","http://schema.org/spatialCoverage"
"Open Core Data","http://schema.org/Dataset","http://schema.org/url"
"Open Core Data","http://schema.org/Dataset","http://schema.org/variableMeasured"
"Open Core Data","http://schema.org/DigitalDocument","http://schema.org/description"
"Open Core Data","http://schema.org/DigitalDocument","http://schema.org/fileformat"
"Open Core Data","http://schema.org/DigitalDocument","http://schema.org/keywords"
"Open Core Data","http://schema.org/DigitalDocument","http://schema.org/url"
"Open Core Data","http://schema.org/EntryPoint","http://schema.org/description"
"Open Core Data","http://schema.org/EntryPoint","http://schema.org/httpMethod"
"Open Core Data","http://schema.org/EntryPoint","http://schema.org/urlTemplate"
"Open Core Data","http://schema.org/GeoCoordinates","http://schema.org/latitude"
"Open Core Data","http://schema.org/GeoCoordinates","http://schema.org/longitude"
"Open Core Data","http://schema.org/Organization","http://schema.org/contactPoint"
"Open Core Data","http://schema.org/Organization","http://schema.org/description"
"Open Core Data","http://schema.org/Organization","http://schema.org/funder"
"Open Core Data","http://schema.org/Organization","http://schema.org/mainEntityOfPage"
"Open Core Data","http://schema.org/Organization","http://schema.org/memberOf"
"Open Core Data","http://schema.org/Organization","http://schema.org/name"
"Open Core Data","http://schema.org/Organization","http://schema.org/potentialAction"
"Open Core Data","http://schema.org/Organization","http://schema.org/sameAs"
"Open Core Data","http://schema.org/Organization","http://schema.org/url"
"Open Core Data","http://schema.org/Place","http://schema.org/geo"
"Open Core Data","http://schema.org/ProgramMembership","http://schema.org/hostingOrganization"
"Open Core Data","http://schema.org/ProgramMembership","http://schema.org/programName"
"Open Core Data","http://schema.org/PropertyValue","http://schema.org/description"
"Open Core Data","http://schema.org/PropertyValue","http://schema.org/name"
"Open Core Data","http://schema.org/PropertyValue","http://schema.org/unitText"
"Open Core Data","http://schema.org/PropertyValue","http://schema.org/url"
"Open Core Data","http://schema.org/SearchAction","http://schema.org/query-input"
"Open Core Data","http://schema.org/SearchAction","http://schema.org/target"
"Open Core Data","http://schema.org/WebSite","http://schema.org/description"
"Open Core Data","http://schema.org/WebSite","http://schema.org/keywords"
"Open Core Data","http://schema.org/WebSite","http://schema.org/potentialAction"
"Open Core Data","http://schema.org/WebSite","http://schema.org/url"
"Open Topography","http://schema.org/ContactPoint","http://schema.org/contactType"
"Open Topography","http://schema.org/ContactPoint","http://schema.org/email"
"Open Topography","http://schema.org/ContactPoint","http://schema.org/url"
"Open Topography","http://schema.org/DataCatalog","http://schema.org/identifier"
"Open Topography","http://schema.org/DataCatalog","http://schema.org/name"
"Open Topography","http://schema.org/DataCatalog","http://schema.org/url"
"Open Topography","http://schema.org/Dataset","http://schema.org/additionalType"
"Open Topography","http://schema.org/Dataset","http://schema.org/alternateName"
"Open Topography","http://schema.org/Dataset","http://schema.org/citation"
"Open Topography","http://schema.org/Dataset","http://schema.org/contributor"
"Open Topography","http://schema.org/Dataset","http://schema.org/dateCreated"
"Open Topography","http://schema.org/Dataset","http://schema.org/description"
"Open Topography","http://schema.org/Dataset","http://schema.org/funder"
"Open Topography","http://schema.org/Dataset","http://schema.org/identifier"
"Open Topography","http://schema.org/Dataset","http://schema.org/includedInDataCatalog"
"Open Topography","http://schema.org/Dataset","http://schema.org/isAccessibleForFree"
"Open Topography","http://schema.org/Dataset","http://schema.org/keywords"
"Open Topography","http://schema.org/Dataset","http://schema.org/license"
"Open Topography","http://schema.org/Dataset","http://schema.org/locationCreated"
"Open Topography","http://schema.org/Dataset","http://schema.org/name"
"Open Topography","http://schema.org/Dataset","http://schema.org/publisher"
"Open Topography","http://schema.org/Dataset","http://schema.org/spatialCoverage"
"Open Topography","http://schema.org/Dataset","http://schema.org/url"
"Open Topography","http://schema.org/Dataset","http://schema.org/variableMeasured"
"Open Topography","http://schema.org/EntryPoint","http://schema.org/description"
"Open Topography","http://schema.org/EntryPoint","http://schema.org/httpMethod"
"Open Topography","http://schema.org/EntryPoint","http://schema.org/urlTemplate"
"Open Topography","http://schema.org/GeoShape","http://schema.org/box"
"Open Topography","http://schema.org/ImageObject","http://schema.org/url"
"Open Topography","http://schema.org/Organization","http://schema.org/additionalType"
"Open Topography","http://schema.org/Organization","http://schema.org/award"
"Open Topography","http://schema.org/Organization","http://schema.org/contactPoint"
"Open Topography","http://schema.org/Organization","http://schema.org/description"
"Open Topography","http://schema.org/Organization","http://schema.org/email"
"Open Topography","http://schema.org/Organization","http://schema.org/funder"
"Open Topography","http://schema.org/Organization","http://schema.org/legalName"
"Open Topography","http://schema.org/Organization","http://schema.org/logo"
"Open Topography","http://schema.org/Organization","http://schema.org/memberOf"
"Open Topography","http://schema.org/Organization","http://schema.org/name"
"Open Topography","http://schema.org/Organization","http://schema.org/potentialAction"
"Open Topography","http://schema.org/Organization","http://schema.org/sameAs"
"Open Topography","http://schema.org/Organization","http://schema.org/url"
"Open Topography","http://schema.org/Place","http://schema.org/additionalProperty"
"Open Topography","http://schema.org/Place","http://schema.org/geo"
"Open Topography","http://schema.org/ProgramMembership","http://schema.org/hostingOrganization"
"Open Topography","http://schema.org/ProgramMembership","http://schema.org/programName"
"Open Topography","http://schema.org/PropertyValue","http://schema.org/additionalType"
"Open Topography","http://schema.org/PropertyValue","http://schema.org/name"
"Open Topography","http://schema.org/PropertyValue","http://schema.org/propertyID"
"Open Topography","http://schema.org/PropertyValue","http://schema.org/url"
"Open Topography","http://schema.org/PropertyValue","http://schema.org/value"
"Open Topography","http://schema.org/SearchAction","http://schema.org/query-input"
"Open Topography","http://schema.org/SearchAction","http://schema.org/target"
"UNAVCO","http://schema.org/ContactPoint","http://schema.org/contactType"
"UNAVCO","http://schema.org/ContactPoint","http://schema.org/email"
"UNAVCO","http://schema.org/ContactPoint","http://schema.org/telephone"
"UNAVCO","http://schema.org/DataCatalog","http://schema.org/name"
"UNAVCO","http://schema.org/DataDownload","http://schema.org/contentUrl"
"UNAVCO","http://schema.org/DataDownload","http://schema.org/encodingFormat"
"UNAVCO","http://schema.org/Dataset","http://schema.org/citation"
"UNAVCO","http://schema.org/Dataset","http://schema.org/creator"
"UNAVCO","http://schema.org/Dataset","http://schema.org/description"
"UNAVCO","http://schema.org/Dataset","http://schema.org/distribution"
"UNAVCO","http://schema.org/Dataset","http://schema.org/includedInDataCatalog"
"UNAVCO","http://schema.org/Dataset","http://schema.org/name"
"UNAVCO","http://schema.org/Dataset","http://schema.org/spatialCoverage"
"UNAVCO","http://schema.org/Dataset","http://schema.org/url"
"UNAVCO","http://schema.org/GeoCoordinates","http://schema.org/latitude"
"UNAVCO","http://schema.org/GeoCoordinates","http://schema.org/longitude"
"UNAVCO","http://schema.org/Organization","http://schema.org/contactPoint"
"UNAVCO","http://schema.org/Organization","http://schema.org/name"
"UNAVCO","http://schema.org/Organization","http://schema.org/url"
"UNAVCO","http://schema.org/Place","http://schema.org/geo"
"LinkedEarth","http://schema.org/CreativeWork","http://schema.org/identifier"
"LinkedEarth","http://schema.org/CreativeWork","http://schema.org/name"
"LinkedEarth","http://schema.org/CreativeWork","http://schema.org/url"
"LinkedEarth","http://schema.org/DataDownload","http://schema.org/contentUrl"
"LinkedEarth","http://schema.org/DataDownload","http://schema.org/encodingFormat"
"LinkedEarth","http://schema.org/Dataset","http://schema.org/Author"
"LinkedEarth","http://schema.org/Dataset","http://schema.org/Name"
"LinkedEarth","http://schema.org/Dataset","http://schema.org/citation"
"LinkedEarth","http://schema.org/Dataset","http://schema.org/contributor"
"LinkedEarth","http://schema.org/Dataset","http://schema.org/dateCreated"
"LinkedEarth","http://schema.org/Dataset","http://schema.org/description"
"LinkedEarth","http://schema.org/Dataset","http://schema.org/distribution"
"LinkedEarth","http://schema.org/Dataset","http://schema.org/funder"
"LinkedEarth","http://schema.org/Dataset","http://schema.org/includedInDataCatalog"
"LinkedEarth","http://schema.org/Dataset","http://schema.org/keywords"
"LinkedEarth","http://schema.org/Dataset","http://schema.org/license"
"LinkedEarth","http://schema.org/Dataset","http://schema.org/spatialCoverage"
"LinkedEarth","http://schema.org/Dataset","http://schema.org/url"
"LinkedEarth","http://schema.org/Dataset","http://schema.org/version"
"LinkedEarth","http://schema.org/GeoCoordinates","http://schema.org/elevation"
"LinkedEarth","http://schema.org/GeoCoordinates","http://schema.org/latitude"
"LinkedEarth","http://schema.org/GeoCoordinates","http://schema.org/longitude"
"LinkedEarth","http://schema.org/Organization","http://schema.org/name"
"LinkedEarth","http://schema.org/Person","http://schema.org/name"
"LinkedEarth","http://schema.org/Place","http://schema.org/geo"
